name,short_description,size,url,price,category1,category_ids
Château Palmer 3eme Cru Classe Margaux 2003,,75cl,http://www.amathusdrinks.com/chateau-palmer-3eme-cru-classe-margaux-2003.html,130.14,,7
Casta Diva Cosecha Miel 2004,,50cl,http://www.amathusdrinks.com/casta-diva-cosecha-miel-2004.html,6.09,,296
Chianti Classico Montemaggio,"Ruby colour and a spicy perfume with a hint of wood. The bouquet is rich with floral notes, enriched with hints of wild berries, pleasantly tannic taste, and well balanced.",,http://www.amathusdrinks.com/chianti-classico-montemaggio.html,5.85,Wine,296
Ribas Del Cua Mencia Bierzo,"Coffee and herbal flavours are supported by assertive tannins in this solid, rather rustic red, which shows savoury and mineral notes.",75cl,http://www.amathusdrinks.com/ribas-del-cua-mencia-bierzo.html,8.66,Wine,296
Tobia Crianza Rioja,"Dark garnet colour, mature aromas, balanced with a full body, pleasant dry tannins and vanilla on the initial palate with chewy fruit in the mid palate, and a long, soft finish.",75cl,http://www.amathusdrinks.com/tobia-crianza-rioja.html,7.74,Wine,296
"Chablis ""Cuvee Emile Petit"" JM Brocard","A top quality Chablis with fine minerality, restrained citrus fruit, firm structure and a bone dry finish.",75cl,http://www.amathusdrinks.com/chablis-cuvee-emile-petit-jm-brocard.html,9.32,Wine,296
Carmenere Tributo Caliterra Colchagua,"Medium intensity nose of Damson plum, saddle leather, green pepper, raspberry, and some vanilla. On the palate, notes of dark plum, blueberries, leather, cedar, and green pepper are apparent.",75cl,http://www.amathusdrinks.com/carmenere-tributo-caliterra-colchagua.html,7.13,Wine,296
Montepulciano d'Abruzzo CA Brigano,Fresh and fruity with lots of red cherry and soft supple tannins.,75cl,http://www.amathusdrinks.com/montepulciano-d-abruzzo-ca-brigano.html,5.85,Wine,296
Franc Beausejour Bordeaux,Classic notes of blackberry and a hint of cedar wood on the finish.,75cl,http://www.amathusdrinks.com/franc-beausejour-bordeaux.html,5.35,,296
Febe Trebbiano d'Abruzzo DOC,"“Lemon and citrus nose, with subtle spice and herbal aromas; crisp dry fresh palate and delicate anise and citrus flavours on the finish”",75cl,http://www.amathusdrinks.com/febe-trebbiano-d-abruzzo-doc.html,4.95,Wines,662
Muscat de Beaumes de Venise ,,75cl,http://www.amathusdrinks.com/muscat-de-beaumes-de-venise.html,11.15,Wine,"7,104"
Elysium Black Muscat 2007,,37.5cl,http://www.amathusdrinks.com/elysium-black-muscat-2007.html,7.69,Wine,"7,104"
Essencia Orange Muscat 2004,,37.5cl,http://www.amathusdrinks.com/essencia-orange-muscat-2004.html,7.69,Wine,"7,104"
Château Doisy-Daene Barsac Sauternes 2004,,75cl,http://www.amathusdrinks.com/chateau-doisy-daene-barsac-sauternes-2004.html,20.36,Wine,"7,104"
Akashi Tai Tokiwa Premium Rice Shochu,,72cl,http://www.amathusdrinks.com/akashi-tai-tokiwa-premium-rice-shochu.html,14.33,Wine,"7,141"
Isake Classic,,72cl,http://www.amathusdrinks.com/isake-classic.html,12.33,Wine,"7,141"
Sake Sawanotsuru ,,72cl,http://www.amathusdrinks.com/sake-sawanotsuru.html,6.68,Wine,"7,141"
Niigata Star Japanese Sake,,18cl,http://www.amathusdrinks.com/niigata-star-japanese-sake.html,9.58,Wine,"7,141"
Gróf Degenfeld Tokaji Aszú 5 Puttonyos 2002,"“Rich golden colour, caramel and apricot perfume, intense sweetness that is well balanced by marmalade, peach and floral flavours. Long, complex length.”",50cl,http://www.amathusdrinks.com/tokaji-aszu-5-puttonyo.html,21.84,Wine,"7,104,399"
Gróf Degenfeld Tokaji Aszú 6 Puttonyos 2000,"""Golden in colour with amber hints. Opulent aromas of honey, caramel, apricot jam and marmalade, all intensified on the palate with crisp acidity to balance the luscious sweetness. Incredibly long finish.”",25cl,http://www.amathusdrinks.com/tokaji-aszu-6-puttonyos-2000-grof-degenfeld.html,16.55,Wine,"7,104,399"
Green Point by Chandon Brut 2004,,75cl,http://www.amathusdrinks.com/green-point-by-chandon-brut-2004.html,11.82,Wine,"7,200,201"
Australian Green Point NV,,75cl,http://www.amathusdrinks.com/australian-green-point-nv.html,10.16,Wine,"7,200,201"
Cavalier Brut,,NV,http://www.amathusdrinks.com/g-f-cavalier-brut-vin-mousseux.html,5.31,Wine,"7,200,201"
Henkell Trocken,,75cl,http://www.amathusdrinks.com/henkell-trocken.html,7.34,Wine,"7,200,201"
Terra Serena Rosato Spumante,"""Red cherry and cranberry nose, with delicate lively bubbles and a fruity crisp finish.""",75cl,http://www.amathusdrinks.com/terra-serena-rosato-spumante.html,6.75,wines,"200,203,666"
Terra Serena Prosecco DOC,"""Lemon and fresh apple aromas, fine persistent bubbles, crisp, dry and refreshing.""",75cl,http://www.amathusdrinks.com/terra-serena-prosecco-doc.html,6.5,wines,"200,203,666"
Prosecco Valdobbiadene Millesimato 2010,"“Light and delicate with fresh aromas of wild flowers, apple, pear and honey. This is perfect as an aperitif or accompaniment to Asian and Italian cuisine, or as the main cocktail ingredient in the famous Bellini.”",75cl,http://www.amathusdrinks.com/prosecco-valdobbiadene-millesimato-docg-2010.html,8.52,Wine,"7,200,203,507"
Prosecco Valdobbiadene Millesimato 2009,"“Light and delicate with fresh aromas of wild flowers, apple, pear and honey. This is perfect as an aperitif or accompaniment to Asian and Italian cuisine, or as the main cocktail ingredient in the famous Bellini.”",150cl,http://www.amathusdrinks.com/prosecco-valdobbiadene-millesimato-vald-oca-2005.html,20.71,Wine,"7,200,203,507"
Val D'Oca Prosecco DOC 2008,“Fresh floral nose with great lemon flavours on the palate and a gentle fizz.”,75cl,http://www.amathusdrinks.com/val-d-oca-prosecco-doc-2008.html,6.94,Wine,"7,200,203,507"
Vin de Table Français Blanc (dry),,75cl,http://www.amathusdrinks.com/vin-de-table-francais-dry-white.html,3.74,Wine,"7,12,113"
"Les Armoiries Blanc, Côtes Du Rhône 2009","Tasting Note: ""Pale golden in colour.  Expressive floral and peach nose, with apricots, fresh herbs and lemon juice coming through on the medium body palate. Great with herb roasted chicken or white fish.""",75cl,http://www.amathusdrinks.com/les-armoiries-blanc-cotes-du-rhone-2009.html,4.84,Wine,"7,12,113,116,441"
Finca Cerrada Viura 2009,"Tasting Note: ""Lemon and pineapple aromas dominate the elegant nose, followed by a minerality that adds a great level of complexity and interest. On the palate the wine is crisp, dry and citrus dominated. Very easy drinking.""",75cl,http://www.amathusdrinks.com/finca-cerrada-viura-2009.html,4.33,Wine,"7,12,113,207,519"
Seven Sisters Chenin Blanc Yolanda 2008,"Tasting Note: ""Fresh lemon, passion fruit and tropical guava on the nose. Great crisp acidity and full flavour on the palate with a refreshing finish."" ",75cl,http://www.amathusdrinks.com/seven-sisters-chenin-blanc-yolanda-2008.html,5.13,Wine,"7,12,114,123,409"
The Auction Crossing Viognier 2008,"Tasting Note: ""Incredible nose! Elegant yet bold apricots and peach perfume that is a delight.  The palate is dry and clean with the flavours becoming more crisp and good medium acidity. Long finish.""",75cl,http://www.amathusdrinks.com/the-auction-crossing-viognier-2007-2008.html,6.45,Wine,"7,12,116,413"
"Les Armoiries Blanc, Côtes Du Rhône 2009",,37.5cl,http://www.amathusdrinks.com/les-armoiries-blanc-cdr-2009.html,3.06,Wine,"7,12,116,441"
Cape Mentelle Semillon/Sauvignon 2008,,75cl,http://www.amathusdrinks.com/cape-mentelle-semillon-sauvignon-2008.html,9.39,Wine,"7,12,13"
Acrobat Semillon Sauvignon Blanc 2009,"""Pale lemon colour, bursting with lime, lemon and blossom aromas. Crisp acidity and passionfruit and gooseberry flavours on the palate make this a truly mouth watering wine, with an elegent intense finish.""",75cl,http://www.amathusdrinks.com/acrobat-semillon-sauvignon-blanc-2009.html,4.59,Wine,"7,12,13,455"
Sillogi Moraitis Assyrtiko/Malagousia 2009,"Tasting Note: ""Rosemary and baked lemons on the nose, with continued herbaceous and citrus flavours on the palate.""
",75cl,http://www.amathusdrinks.com/sillogi-assyrtiko-malagousia-2007.html,7.45,Wine,"7,12,131"
Louis Sipp Pinot Gris Nature'S 2008,"""Intense tropical fruit, citrus peel and spice. Delicate acidity and exotic spice flavours balance each other brilliantly."" ",75cl,http://www.amathusdrinks.com/louis-sipp-pinot-gris-nature-s-2008.html,11.04,Wine,"7,12,134,377"
Evergreen Spruce Goose Oregon Pinot Gris 2008,"“This classic Oregon-style Pinot Gris with notes of apple, pear, and melon and hints of citrus is bright and crisp with a silky mouth feel. Its pleasing texture gives the impression of layering.”",75cl,http://www.amathusdrinks.com/evergreen-spruce-goose-oregon-pinot-gris-2008.html,9.49,Wine,"7,12,134,429"
Cantarutti Pinot Grigio Friuli 2007,"Tasting Note: ""Copper coloured, rich and luxurious Pinot Grigio! Intense citrus and tropical fruits on the nose and excellent refreshing acidity on the nose, well balanced by persistent ripe citrus flavours. A well made and generous pinot grigio that bucks the trend.""",75cl,http://www.amathusdrinks.com/cantarutti-pinot-grigio-2007-friuli.html,5.85,Wine,"7,12,134,475"
Cantarutti Ronco San Michele Pinot Grigio 2001,"Tasting Note: ""Award winning, traditionally aged Pinot Grigio! This has been aged in barrel and bottle and is much more akin to a great white burgundy. Wonderful almond and lemon aromas on the nose, with a rich vanilla and citrus palate and elegant acidity. Very long length.""",75cl,http://www.amathusdrinks.com/cantarutti-ronco-san-michele-pinot-grigio-2001.html,16.75,Wine,"7,12,134,475"
Colli Argento Pinot Grigio Veneto 2010,"Tasting Note:  ""Classic grapefruit and lemon aromas, the citrus flavours continue on the palate balanced well by high acidity making it very refreshing.""
",75cl,http://www.amathusdrinks.com/colli-argento-pinot-grigio-2010-veneto.html,4.39,Wine,"7,12,134,517"
Terrazas Torrontés Reserva 2007,,75cl,http://www.amathusdrinks.com/terrazas-torrentes-reserva-2007.html,9.15,Wine,"7,12,25"
Carelli 34° Torrontes 2010,"Tasting Note: ""Tropical fruit nose of passion fruit, pineapple, guava with a squeeze of lime followed by a mouth watering crisp but juicy palate. The fruits are still identifiable on the clean finish.""
",75cl,http://www.amathusdrinks.com/latitud-34-torrontes-2009.html,4.89,Wine,"7,12,25,437"
Cloudy Bay Chardonnay 2006,"Tasting Note: ""The scent of white flowers and fresh citrus fruits - lemons, limes and grapefruit - all temptingly mingled with the savoury complexity of toasted nuts and oatmeal. The silky palate shows lively citrus flavours and seamlessly integrated spicy French oak. Cloudy Bay Chardonnay 2006 depicts the combination of natural yeast fermentation and vibrant Marlborough fruit in a wine that will age gracefully over the next five to seven years.""
",75cl,http://www.amathusdrinks.com/cloudy-bay-chardonnay-2006.html,14.9,Wine,"7,12,27"
Terrazas Chardonnay Reserva 2008,,75cl,http://www.amathusdrinks.com/terrazas-chardonnay-reserva-2007.html,9.62,Wine,"7,12,27"
La Cetto Chardonnay 2007,,75cl,http://www.amathusdrinks.com/la-cetto-chardonnay-2007.html,6.29,Wine,"7,12,27"
Cave de Lugny Macon Villages Chardonnay 2009,,75cl,http://www.amathusdrinks.com/cave-de-lugny-macon-villages-chardonnay-2009.html,5.9,Wine,"7,12,27"
CYT Chardonnay 2008,,75cl,http://www.amathusdrinks.com/cyt-chardonnay-2007.html,3.69,Wine,"7,12,27,296"
Meursault Les Grands Charrons Michel Bouzereau 2005,,75cl,http://www.amathusdrinks.com/meursault-les-grands-charrons-michel-bouzereau-2005.html,15.14,Wine,"7,12,27,296"
Pedroncelli Dry Creek Valley Chardonnay 2009," ""Melon and baked apple nose, with great tropical fruit developing on the buttery palate. Vanilla and melon linger on the crisp finish."" ",75cl,http://www.amathusdrinks.com/pedroncelli-dry-creek-valley-chardonnay-2009.html,6.29,Wine,"7,12,27,381"
Domaine Moillard Hautes Côtes de Nuits Blanc 2007,"Tasting Note: ""Fantastic classic white burgundy, rich apple and lemon nose, soft vanilla hint. Baked apple and lemon rind on the palate that works well with the crisp medium acidity. Generous length.""
",75cl,http://www.amathusdrinks.com/domaine-moillard-bourgogne-hautes-cotes-de-nuits-blanc-2007.html,9.4,Wine,"7,12,27,389"
Domaine Moillard Chassagne-Montrachet 1er Cru 2006,"Tasting Note: “Top class, premium quality chardonnay. Well made with care and attention. Fruit and oak flavours work well together on the nose, and the classic mineral steely flavours are clear. Great depth of complex flavour on the palate that rank it among the great white burgundies, from a good vintage. Wonderful apple and toast long finish.""",75cl,http://www.amathusdrinks.com/domaine-moillard-chassagne-montrachet-1er-cru-2006.html,27.63,Wine,"7,12,27,389"
Domaine Moillard Côte de Nuits Villages Blanc 2007,"Tasting Note: “Classic elegant white burgundy – toasted wood and rich lemon flavours, apples and limestone on the palate; all balanced beautifully by a medium body and fresh acidity. Elegant and refined.”",75cl,http://www.amathusdrinks.com/domaine-moillard-cote-de-nuits-villages-blanc-2007.html,13.9,Wine,"7,12,27,389"
Domaine Vincent Sauvestre Chablis 2009,"“Attractive pale straw colour with typical crisp, citrus flavours which burst on the taste buds and long, mouth-filling fruit flavours which linger. Must be only slightly chilled so as not to hide the flavours. Ideal with all seafood and shellfish dishes and, surprisingly, soft cheeses.”
",75cl,http://www.amathusdrinks.com/domaine-vincent-sauvestre-chablis-2009.html,8.69,Wine,"7,12,27,445"
D. Vincent Sauvestre Chablis Premier Cru Beauroy 2008,"“Attractively pale gold in colour. A most distinctive Chablis packed with lots of citrus, green apple and pear flavours which linger in the mouth. An interesting mix of buttery smoothness with a mineral character. Lightly chilled it makes the perfect accompaniment to seafood of any kind as well as white meat dishes.”",75cl,http://www.amathusdrinks.com/domaine-vincent-sauvestre-chablis-premier-cru-beauroy-2008.html,12.79,Wine,"7,12,27,445"
Acrobat Chardonnay 2009,"""Kiwi and melon aromas, matched well by an intense rich melon and spice flavour on the palate. The rich buttery notes, are well balanced by the high natural acidity and long fruity finish."" ",75cl,http://www.amathusdrinks.com/acrobat-chardonnay-2009.html,4.59,Wine,"7,12,27,455"
Domaine Marguerite Carillon Meursault 2006,"Tasting Note: ""Baked apple and vanilla on the nose, rich sweet lemons and limes coming through on the palate, all balanced well by careful oak flavours that deepen the overall flavours and lengthen the wines finish. A good minerality also comes through as the wine develops in the glass. A very elegant yet rich wine.""
",75cl,http://www.amathusdrinks.com/domaine-marguerite-carillon-meursault-2006.html,23.6,Wine,"7,12,27,459"
Tenimenti Di Cangrande Soave DOC 2010,"Tasting Note: “Fresh lemons and apple nose, with great acidity, and a clean mineral flavour on the finish, a great simple, easy drinking wine!”",,http://www.amathusdrinks.com/teni-di-cangrande-soave-doc-2010.html,4.13,Wine,"7,12,280,513"
Archeo Grillo SiciIia IGT 2010,"Tasting Note: “Golden yellow with an intense aroma of passion fruit, pineapple and lemons.  Great palate with some light spices coming through on the finish.”
",,http://www.amathusdrinks.com/archeo-grillo-siciiia-igt-2010.html,5.09,Wine,"7,12,295,463"
Louis Sipp Riesling Nature'S 2008,"""Lime blossom and lanolin waxy aromas, followed by incredible citrus fruit and steely acidity on the palate. A dry, rich, lime and complex stoney finish."" ",75cl,http://www.amathusdrinks.com/louis-sipp-riesling-nature-s-2008.html,9.89,Wine,"7,12,297,377"
Louis Sipp Grand Cru Kirchberg Riesling 2006,"""Classic world class dry Alsatian Riesling. Steely acidity, balances the intensity of the lime, petrol and citrus flavours. The finish is incredibly long, with great intensity and freshness.""",75cl,http://www.amathusdrinks.com/louis-sipp-grand-cru-kirchberg-de-ribeauville-riesling-2006.html,15.24,Wine,"7,12,297,377"
Ewald Gruber Roschitz Riesling 2009 ,"“Classic lime and mineral nose, with high acid, a touch of sweetness and incredible intensity of lime and blossom on the palate! A great Austrian white.”",75cl,http://www.amathusdrinks.com/ewald-gruber-roschitz-riesling-2009.html,7.64,Wine,"7,12,297,395"
Evergreen Spruce Goose Oregon Riesling 2008,"“A beautiful perfumed bouquet of pears, limes and melons; balanced well by the smooth, subtle sweetness on the palate finishing with a crisp classic acidity and lime blossom.”",75cl,http://www.amathusdrinks.com/evergreen-spruce-goose-oregon-riesling-2008.html,9.49,Wine,"7,12,297,429"
Ewald Gruber Roschitz Grüner Veltliner 2009,"“White pepper and peaches are typical on the nose, fantastic pure lemon and sour peach fruit flavour on the palate, with complex spices developing. Very long mineral finish.” ",75cl,http://www.amathusdrinks.com/roschitz-weinviertel-dac-gruner-veltliner-2009.html,6.79,Wine,"7,12,298,395"
Louis Sipp Gewürztraminer Nature's 2009,"""Highly aromatic with Turkish delight, rose water, sweet spices, and lychees on the nose and palate. Medium acidity and a little sweetness balance this overload of flavour well, making it a very opulent enjoyable wine.""",75cl,http://www.amathusdrinks.com/louis-sipp-gewurztraminer-nature-s-2009.html,11.63,Wine,"7,12,304"
Louis Sipp Pinot Blanc Nature'S 2008,"""Mineral and lemon aromas, balanced by a rich chalk body and citrus fresh fruit flavours. A classic elegant finish, with flint and lemon rind developing.""",75cl,http://www.amathusdrinks.com/louis-sipp-pinot-blanc-nature-s-2008.html,7.59,Wine,"7,12,305,377"
Granbazán Albariño Etiqueta Verde 2009,"“Powerful peach and pineapple nose, with high natural acidity, crisp clean lemon and peach flavours on the palate. Long fruit driven length.”",75cl,http://www.amathusdrinks.com/granbazan-albarino-etiqueta-verde-2009.html,8.69,Wine,"7,12,321,391"
Granbazán Albariño Etequeta Ambar 2009,"“Peach, and stoned fruit aromas develop in the glass as the wine is swirled. The intense peach, apricot and sweet lemon flavours continue on the vibrant, crisp palate. Very long length of peaches and herbs.”",75cl,http://www.amathusdrinks.com/granbazan-albarino-etequeta-ambar-2009.html,10.63,Wine,"7,12,321,391"
Gróf Degenfeld Tokaji Furmint 2009,"“Classic spice and citrus fruit, high acidity and a complex palate with oak flavours, lemon, orange blossom and exotic spice.”",75cl,http://www.amathusdrinks.com/tokaji-furmint-2009-grof-degenfeld.html,8.49,Wine,"7,12,330,399"
Gróf Degenfeld Tokaji Muscat Lunel 2009,"“Floral and fresh orange nose, light dry style with intense floral and passion fruit flavours, a delight!”",75cl,http://www.amathusdrinks.com/tokaji-muscat-lunel-2009-grof-degenfeld.html,8.29,Wine,"7,12,331,399"
Gróf Degenfeld Tokaji Hárslevelű 2007,"“Pale lemon colour, mineral and vanilla nose, developing into rich spicy and flinty flavours on the off dry palate.”",75cl,http://www.amathusdrinks.com/tokaji-harslevelu-2007-grof-degenfeld.html,7.49,Wine,"7,12,332,399"
Il Poggio Gavi di Gavi Piemonte 2009,"Tasting Note: “Wonderful mineral and lime nose. Freshly cut green apples, limestone and lemons give a really “zing” to this wine which is complimented by the very crisp acidity. Hand produced by a winemaking mother, clearly making wines she loves.”",75cl,http://www.amathusdrinks.com/il-poggio-gavi-di-gavi-2007-piemonte.html,8.7,Wine,"7,12,339,417"
Domaine du Haut Banchereau Muscadet Server et Maine Sur Lie," “Lemon and brioche on the nose, with fresh acidity and almonds on the palate. Zesty citrus finish”",75cl,http://www.amathusdrinks.com/domaine-du-haut-banchereau-muscadet.html,5.15,Wines,"7,12,672"
Cloudy Bay Te Koko Sauvignon Blanc 2006,,75cl,http://www.amathusdrinks.com/cloudy-bay-te-koko-sauvignon-blanc-2004-2005.html,18.46,Wine,"7,12,91"
Cloudy Bay Sauvignon Blanc 2010,"Tasting Note: ""Scented and summery, the 2008 Cloudy Bay Sauvignon Blanc has deliciously vibrant aromatics that infuse the tropical fragrance of fresh passionfruit and juicy pineapples with garden-fresh basil and the spiciness of crushed tomato leaves. The palate is long and succulent, combining exotic fruits with ripe, red capsicum and a twist of green olive... beautifully complemented by crisp natural acidity and a hint of lime zest.""",75cl,http://www.amathusdrinks.com/cloudy-bay-sauvignon-blanc-2010.html,14.33,Wine,"7,12,91"
Pedroncelli Dry Creek Valley Sauvignon Blanc 2009,"""Aromatic with citrus and herbaceous notes. This wine is crisp, and offers many layers of flavour on the palate. Honeydew melon, grapefruit and tart apple flavours linger with a balanced acidity that adds a refreshing quality.""",75cl,http://www.amathusdrinks.com/pedroncelli-dry-creek-valley-sauvignon-blanc-2009.html,5.69,Wine,"7,12,91,381"
Domaine Georges Michel Golden Mile Sauvignon Blanc 2009,"Tasting Note: ""Classic cut grass, gooseberry nose, with great concentration on the palate.  High acidity and a good finish.""",75cl,http://www.amathusdrinks.com/georges-michel-golden-mile-sauvignon-blanc-2009.html,6.05,Wine,"7,12,91,387"
Seven Sisters Sauvignon Blanc 2009,"Tasting Note: ""Great crisp lemon and lime aromas, with cut grass and fresh passion fruit flavours on the palate. Dry, tropical finish, very elegant and classic of sauvignon blanc.""",75cl,http://www.amathusdrinks.com/seven-sisters-sauvignon-blanc-2009.html,5.13,Wine,"7,12,91,409"
Domaine La Barbotaine Sancerre 2008,"Tasting Note: “Classic lemon, cut grass and fresh asparagus nose, fresh high acidity and great mineral elegance makes this low volume, family made, hand cared for Sancerre stand out from the crowd.”",75cl,http://www.amathusdrinks.com/domaine-la-barbotaine-sancerre-2008.html,9.53,Wine,"7,12,91,421"
Camaleon Sauvignon Blanc 2010,"""Tropical pineapple, passion fruit and ripe gooseberry nose. Classic joyful South American easy drinking and refreshing Sauvignon. Great intensity of tropical fruit on the palate, well balanced with tangy acidity”",75cl,http://www.amathusdrinks.com/camaleon-sauvignon-blanc-2010.html,4.13,Wine,"7,12,91,449"
Les Barbottes Touraine Sauvignon Blanc 2008,"Tasting Note: ""Sharp lemon, grapefruit and fresh asparagus aromas on the nose. These continue on the palate, where great mineral chalk and granite like flavours join the green citrus fruit.  High acidity is matched by the bone dry feeling and light refreshing body.""
",75cl,http://www.amathusdrinks.com/les-barbottes-2008.html,5.13,Wine,"7,12,91,467"
Jean de Laroche Sauv. Blanc Vin de Pays du Val de Loire 2010,"Tasting Note: ""Passion fruit and freshly cut grass on the nose; followed by lemons, limes and chalk flavours on the palate. Refreshingly high acidity and a classic steely citrus finish."" ",75cl,http://www.amathusdrinks.com/jean-de-laroche-sauvignon-blanc-vin-de-pays-du-val-de-loire-2010.html,4.39,Wine,"7,12,91,479"
Miguel Torres Sauvignon Blanc 2009,"""Rich, intense tropical fruit. Fresh acidity and a long length.""",75cl,http://www.amathusdrinks.com/miguel-torres-sauvignon-blanc-2009.html,5.39,Wine,"7,12,91,503"
Caze Blanque Syrah Rosé Vin de Pay D'Oc 2009,"Tasting Note: ""Great fresh strawberries and sweet cherries, summer in a glass, but with a refined dry finish."" 
",75cl,http://www.amathusdrinks.com/caze-blanque-syrah-rose-vin-de-pay-d-oc-2008.html,4.24,Wine,"7,23,102,489"
Le Ballerine Pinot Grigio Rosé 2010,"Tasting Note: ""Sweet raspberries and redcurrants on the nose and palate, crisp acidity and a dry palate make this wine very more-ish!""",75cl,http://www.amathusdrinks.com/le-ballerine-pinot-grigio-rose-2010.html,4.39,Wine,"7,23,137,509"
Domaine Georges Michel Summer Folly Rosé 2008,"Tasting Note: “Elegant raspberries and cranberries on the nose, with intense redcurrants coming through on the palate; which is dry with crisp acidity giving the wine a great refreshing feel.”",75cl,http://www.amathusdrinks.com/george-michel-summer-folly-rose-2008.html,6.24,Wine,"7,23,178,387"
Domaine La Barbotaine Sancerre Rosé 2007,"Tasting Note: “Delicate aromas of sour strawberries, cranberries and redcurrants beautifully balanced by crisp acidity and sophisticated dry red berry flavours.  A serious rosé that is delicious by the glass, and pairs easily with food.”",75cl,http://www.amathusdrinks.com/domaine-la-barbotaine-sancerre-rose-2007.html,9.53,Wine,"7,23,178,421"
Latitud 34 Cabernet Sauvignon/Merlot Rose 2010,"Tasting Note: ""Great strawberry and raspberry nose, with ripe fruit flavours on the palate. An easy summer drink.""",75cl,http://www.amathusdrinks.com/latitud-34-cabernet-sauvignon-merlot-rose-2009.html,4.89,Wine,"7,23,24,437"
Camaleon Cabernet Sauvignon Rosé  2009,"“Strawberry and sweet plum nose, great rich red berry flavour on the palate, dry, but with sweet fruit flavours, well balanced by crisp acidity. Far too easy to drink!""",75cl,http://www.amathusdrinks.com/camaleon-cabernet-sauvignon-rose-2009.html,4.13,Wine,"7,23,24,449"
Miguel Torres Cabernet Sauvignon Rosé 2010,"""Raspberry and strawberry, summer fruit pudding on the nose, dry but intense on the palate, with a long finish of summer fruits.""",75cl,http://www.amathusdrinks.com/miguel-torres-cabernet-sauvignon-rose-2010.html,5.39,Wine,"7,23,24,503"
Finca Cerrada Tempranillo Rosé 2009,"""Strawberry and raspberry nose with a rich dry palate, classic sunny Spanish rosé.""",75cl,http://www.amathusdrinks.com/finca-cerrada-tempranillo-rose-2009.html,4.33,Wine,"7,23,319,519"
Mateus Rosé,,75cl,http://www.amathusdrinks.com/mateus-rose.html,4.58,Wine,"7,23,337"
Barão de Vilar Madeira Seco,"“Prunes and dried lemon rind on the nose, with intense nutty, rich, almost bitter notes on the complex, well balanced palate.”",75cl,http://www.amathusdrinks.com/barao-de-vilar-madeira-seco.html,8.39,Wine,"7,60,168,353,505"
Barão de Vilar Madeira Meio Seco,"“Nuts, dates and dried fruit aromas following through on the off dry palate. Great complexity and intensity of flavours on the finish.”",75cl,http://www.amathusdrinks.com/barao-de-vilar-meio-seco.html,8.39,Wine,"7,60,168,353,505"
Barão de Vilar Madeira Doce,"“Caramel and figs on the nose, with honey like sweetness on the palate, supported by high acidity, medium body and great nutty prune flavours.”",75cl,http://www.amathusdrinks.com/barao-de-vilar-doce.html,8.39,Wine,"7,60,168,353,505"
Taylor's Quinta de Vargellas 1998 ,,75cl,http://www.amathusdrinks.com/taylors-vargellas-1998.html,20.9,Wine,"7,60,182"
Cockburns Special Reserve ,,75cl,http://www.amathusdrinks.com/cockburns-special-reserve.html,9.66,Wine,"7,60,182"
Dows Quinta de Bomfim 1998,,75cl,http://www.amathusdrinks.com/dows-quinta-de-bomfim-1995-1998.html,22.34,Wine,"7,60,182"
Fonseca Guimaraens 1996,,75cl,http://www.amathusdrinks.com/fonseca-guimaraens-1996.html,20.34,Wine,"7,60,182"
Graham's Late Bottled Vintage (LBV) 2003,,75cl,http://www.amathusdrinks.com/grahams-l-b-v-2003.html,8.54,Wine,"7,60,182"
Warre's Otima 10yr Tawny,,50cl,http://www.amathusdrinks.com/warres-otima-10yr-tawny.html,10.98,Wine,"7,60,182"
Dows Ruby Port,,75cl,http://www.amathusdrinks.com/dows-ruby.html,7.66,Wine,"7,60,182"
Dows Fine White Port,,75cl,http://www.amathusdrinks.com/dows-fine-white-port.html,8.57,Wine,"7,60,182"
Taylor's 10yr Tawny,,75cl,http://www.amathusdrinks.com/taylors-10yr-tawny.html,15.94,Wine,"7,60,182"
Taylor's Late Bottled Vintage (LBV) 2004,,75cl,http://www.amathusdrinks.com/taylors-l-b-v-2003.html,9.94,Wine,"7,60,182"
Harveys Bristol Cream ,,75cl,http://www.amathusdrinks.com/harveys-bristol-cream.html,7.58,Wine,"7,60,198"
Harveys Amontillado ,,75cl,http://www.amathusdrinks.com/harveys-amontillado.html,8.12,Wine,"7,60,198"
Williams and Hubert  Dry Sack Amontillado ,,75cl,http://www.amathusdrinks.com/w-and-h-dry-sack-amontillado.html,6.57,Wine,"7,60,198"
Hildalgo Pedro Ximenez Triana ,,75cl,http://www.amathusdrinks.com/hildalgo-pedro-ximenez-triana.html,11.9,Wine,"7,60,198"
La Gitana Manzanilla ,,75cl,http://www.amathusdrinks.com/manzanilla-la-gitana.html,7.44,Wine,"7,60,198"
La Ina Fino,,75cl,http://www.amathusdrinks.com/la-ina.html,8.84,Wine,"7,60,198"
Dolin Chambery Dry,,75cl,http://www.amathusdrinks.com/dolin-chambery-dry.html,10.12,Wine,"7,60,210"
Chamberyzette,,75cl,http://www.amathusdrinks.com/chamberyzette.html,10.26,Wine,"7,60,210"
Cinzano Bianco ,,75cl,http://www.amathusdrinks.com/cinzano-bianco.html,5.98,Wine,"7,60,210"
Vya Dry White,,75cl,http://www.amathusdrinks.com/vya-dry-white.html,14.04,Wine,"7,60,210"
Martini Bianco ,,75cl,http://www.amathusdrinks.com/martini-bianco.html,5.92,Wine,"7,60,210"
Martini Dry ,,75cl,http://www.amathusdrinks.com/martini-dry.html,5.92,Wine,"7,60,210"
Martini Rosso ,,75cl,http://www.amathusdrinks.com/martini-rosso.html,5.92,Wine,"7,60,210"
Vya Sweet Red ,,75cl,http://www.amathusdrinks.com/vya-sweet-red.html,14.04,Wine,"7,60,210"
Martini Rosato ,,75cl,http://www.amathusdrinks.com/martini-rosato-75cl.html,6.11,Wine,"7,60,210"
Noilly Prat ,,75cl,http://www.amathusdrinks.com/noilly-prat.html,7.88,Wine,"7,60,210"
Byrrh Grand Quinquina 37.5cl ,,37.5cl,http://www.amathusdrinks.com/byrrh-grand-quinquina-37-5cl.html,8.3,Wine,"7,60,210"
Byrrh Grand Quinquina,,75cl,http://www.amathusdrinks.com/byrrh-grand-quinquina.html,15.47,Wine,"7,60,210"
Floc de Gascogne Laubade White,"""Colombard and Ugni Blanc are used in this white floc, which has aromas of honey and peach and a taste of sugar coated grapes.""",75cl,http://www.amathusdrinks.com/floc-de-gascogne-laubade-white.html,12.15,Wine,"7,60,210,375"
Floc de Gascogne Laubade Red,A blend of Cabernet Sauvignon and Cabernet Franc blended with young armagnac and allowed to settle over the winter before being racked. Lovely flavours of red fruits and cherries.,75cl,http://www.amathusdrinks.com/floc-de-gascogne-laubade-red.html,12.15,Wine,"7,60,210,375"
Marsala Cremovo Corini,,75cl,http://www.amathusdrinks.com/marsala-cremovo-corini.html,6.87,Wine,"7,60,341"
Cartron Ratafia de Bourgogne,,75cl,http://www.amathusdrinks.com/cartron-ratafia-de-bourgogne.html,11.9,Wine,"7,60,61,393"
Pol Roger 150cl (magnum),,150cl,http://www.amathusdrinks.com/pol-roger-magnums.html,53.2,Wine,"7,72,73"
Pol Roger Brut,,75cl,http://www.amathusdrinks.com/pol-roger-brut.html,24.52,Wine,"7,72,73"
Armand De Brignac Brut Gold,,75cl,http://www.amathusdrinks.com/armand-de-brignac-brut-gold.html,188.36,Wine,"7,72,73"
Bollinger Special Cuvée Brut,,75cl,http://www.amathusdrinks.com/bollinger-special-cuvee-brut.html,31.6,Wine,"7,72,73"
Bollinger 150cl (magnum),,150cl,http://www.amathusdrinks.com/bollinger-magnum.html,72.78,Wine,"7,72,73"
Bollinger Rosé NV,,75cl,http://www.amathusdrinks.com/bollinger-rose-nv.html,44.31,Wine,"7,72,73"
Krug Rosé,,75cl,http://www.amathusdrinks.com/krug-rose.html,184.47,Wine,"7,72,73"
Krug Grande Cuvée,,75cl,http://www.amathusdrinks.com/krug-grande-cuvee.html,93.16,Wine,"7,72,73"
Lanson Black Label Brut,,75cl,http://www.amathusdrinks.com/lanson-black-label-brut.html,20.49,Wine,"7,72,73"
Laurent Perrier Brut,,75cl,http://www.amathusdrinks.com/laurent-perrier-brut.html,23.3,Wine,"7,72,73"
Laurent Perrier Brut 150cl (magnum),,150cl,http://www.amathusdrinks.com/laurent-perrier-brut-magnum.html,51.3,Wine,"7,72,73"
Laurent Perrier Grand Siècle,,75cl,http://www.amathusdrinks.com/laurent-perrier-grand-siecle.html,84.31,Wine,"7,72,73"
Laurent Perrier Brut Rosé 150cl (magnum),,150cl,http://www.amathusdrinks.com/laurent-perrier-brut-rose-magnum.html,87.13,Wine,"7,72,73"
Laurent Perrier Ultra Brut,,75cl,http://www.amathusdrinks.com/laurent-perrier-ultra-brut.html,32.97,Wine,"7,72,73"
Louis Roederer Brut Premier,,75cl,http://www.amathusdrinks.com/louis-roederer-brut-premier.html,28.18,Wine,"7,72,73"
Louis Roederer Brut 150cl (magnum),,150cl,http://www.amathusdrinks.com/louis-roederer-brut-magnum.html,59.58,Wine,"7,72,73"
Mercier Brut,,75cl,http://www.amathusdrinks.com/mercier-brut.html,18.46,Wine,"7,72,73"
Moët & Chandon Brut Imperial 20cl (mini),,20cl,http://www.amathusdrinks.com/moet-and-chandon-brut-imperial-20cl.html,8.43,Wine,"7,72,73"
Moët & Chandon Brut Imperial 37.5cl (half bottle),,37.5cl,http://www.amathusdrinks.com/moet-and-chandon-brut-imperial-half-bottle.html,14.6,Wine,"7,72,73"
Moët & Chandon Brut Imperial,,75cl,http://www.amathusdrinks.com/moet-and-chandon-brut-imperial.html,24.58,Wine,"7,72,73"
Moët & Chandon 150cl (magnum),,150cl,http://www.amathusdrinks.com/moet-chandon-magnum.html,55.55,Wine,"7,72,73"
Moët & Chandon 300cl (jeroboam),,300cl,http://www.amathusdrinks.com/moet-and-chandon-jeroboam.html,143.36,Wine,"7,72,73"
Mumm Cordon Rouge,,75cl,http://www.amathusdrinks.com/mumm-cordon-rouge.html,20.26,Wine,"7,72,73"
Mumm Cordon Rouge 150cl (magnum),,150cl,http://www.amathusdrinks.com/mumm-cordon-rouge-1.html,44.66,Wine,"7,72,73"
Piper Heidsieck Brut,,75cl,http://www.amathusdrinks.com/piper-heidsieck-brut.html,20.27,Wine,"7,72,73"
Perrier Jouët Grand Brut,,75cl,http://www.amathusdrinks.com/perrier-jouet-grand-brut.html,20.76,Wine,"7,72,73"
Perrier Jouët Grand Brut 35cl ,,37.5cl,http://www.amathusdrinks.com/perrier-jouet-grand-brut-35cl.html,13.18,Wine,"7,72,73"
Perrier Jouët 150cl (magnum),,150cl,http://www.amathusdrinks.com/perrier-jouet-magnums.html,47.66,Wine,"7,72,73"
Perrier Jouët Grand Brut 300cl (jeroboam),,300cl,http://www.amathusdrinks.com/perrier-jouet-grand-brut-jeroboam.html,159.17,Wine,"7,72,73"
Ruinart Blanc de Blancs,,75cl,http://www.amathusdrinks.com/ruinart-blanc-de-blanc.html,38.13,Wine,"7,72,73"
'R' de Ruinart Brut,,75cl,http://www.amathusdrinks.com/ruinart-brut.html,28.85,Wine,"7,72,73"
Taittinger Brut Réserve,,75cl,http://www.amathusdrinks.com/taittinger-brut-reserve.html,25.47,Wine,"7,72,73"
Taittinger Brut 37.5cl (half bottle),,37.5cl,http://www.amathusdrinks.com/taittinger-brut-375ml.html,14.57,Wine,"7,72,73"
Taittinger Brut 150cl (magnum),,150cl,http://www.amathusdrinks.com/taitinger-brut-magnums.html,52.62,Wine,"7,72,73"
Taittinger Brut 300cl (jeroboam),,300cl,http://www.amathusdrinks.com/taittinger-brut-jeroboams.html,107.15,Wine,"7,72,73"
Veuve Clicquot Brut,,75cl,http://www.amathusdrinks.com/veuve-clicquot-brut.html,27.57,Wine,"7,72,73"
Veuve Clicquot Brut NV 37.5cl (half bottle),,37.5cl,http://www.amathusdrinks.com/veuve-clicquot-brut-nv-375ml.html,16.48,Wine,"7,72,73"
Veuve Clicquot 150cl (magnum),,150cl,http://www.amathusdrinks.com/veuve-clicquot-magnums.html,60.76,Wine,"7,72,73"
Veuve Clicquot 300cl (jeroboam),,300cl,http://www.amathusdrinks.com/veuve-clicquot-jeroboams.html,170.27,Wine,"7,72,73"
Veuve Clicquot Demi-Sec,,75cl,http://www.amathusdrinks.com/veuve-clicquot-demi-sec.html,28.34,Wine,"7,72,73"
Veuve Clicquot Rosé NV,,75cl,http://www.amathusdrinks.com/veuve-cliquot-rose-nv.html,34,Wine,"7,72,73"
Champagne Pommery Summertime,,75cl,http://www.amathusdrinks.com/champagne-pommery-summertime.html,33.15,Wine,"7,72,73"
Champagne Pommery POP Silver,,20cl,http://www.amathusdrinks.com/champagne-pommery-pop-silver.html,8.15,Wine,"7,72,73"
Mumm Cordon Rouge 37.5cl ,,37.5cl,http://www.amathusdrinks.com/mumm-cordon-rouge-half-bottles-bin-end.html,7.99,Wine,"7,72,73,296"
P Louis Martin Brut Bouzy NV,"Tasting Note: ""Great brioche and lemon nose, with a creamy feel on the palate. Fine delicate and persistent bubbles, balance well with the elegant green apple, lemon and toast palate. Wonderful finish with a long length.""",75cl,http://www.amathusdrinks.com/p-louis-martin-brut-nv-bouzy.html,18.85,Wine,"7,72,73,373"
P Louis Martin Bouzy Grand Cru NV,"Tasting Note: ""Great brioche and lemon nose, with a creamy feel on the palate. Fine delicate and persistent bubbles, balance well with the elegant green apple, lemon and toast palate. Wonderful finish with a long length.""",75cl,http://www.amathusdrinks.com/p-louis-martin-grand-cru-nv-bouzy.html,24.34,Wine,"7,72,73,373"
Claude Renoux Brut Rosé,"Tasting Note: ""Delicate pink in colour, green apple and tart strawberry nose, with brioche and cranberry developing on the dry palate.""",75cl,http://www.amathusdrinks.com/claude-renoux-brut-rose.html,18.82,Wine,"7,72,73,511"
Claude Renoux Carte D'or Brut,"Tasting Note: ""Classic lemon, apple and brioche nose, fine mouse and elegant crisp backbone, make this a great quality small house champagne.""",75cl,http://www.amathusdrinks.com/claude-renoux-carte-d-or-brut.html,15.81,Wine,"7,72,73,511"
Claude Renoux Cuvée de Réserve Gold Label,"Tasting Note: ""Rich brioche and green apple flavours, persistent mouse and a great long crisp finish.""",75cl,http://www.amathusdrinks.com/claude-renoux-cuvee-de-reserve-gold-label.html,17.31,Wine,"7,72,73,511"
Armand De Brignac Rosé,,75cl,http://www.amathusdrinks.com/armand-de-brignac-rose.html,295.36,Wine,"7,72,74"
Billecart Salmon Brut ,,75cl,http://www.amathusdrinks.com/billecart-salmon-brut.html,24.43,Wine,"7,72,74"
Billecart Salmon Rosé,,75cl,http://www.amathusdrinks.com/billecart-et-salmon-rose.html,38.35,Wine,"7,72,74"
Laurent Perrier Rosé,,75cl,http://www.amathusdrinks.com/laurent-perrier-rose.html,37.36,Wine,"7,72,74"
Lanson Brut Rosé,,75cl,http://www.amathusdrinks.com/lanson-brut-rose.html,24.99,Wine,"7,72,74"
Mercier Rosé,,75cl,http://www.amathusdrinks.com/mercier-rose.html,20.9,Wine,"7,72,74"
Moët & Chandon Brut Rosé,,75cl,http://www.amathusdrinks.com/moet-and-chandon-brut-rose.html,35.13,Wine,"7,72,74"
Moët & Chandon Rosé Brut 20cl (mini),,20cl,http://www.amathusdrinks.com/moet-rose-brut-20cl.html,10.1,Wine,"7,72,74"
Moët & Chandon Rosé 150cl (magnum),,150cl,http://www.amathusdrinks.com/moet-rose-magnums.html,70.76,Wine,"7,72,74"
Mumm Cordon Rosé NV,,75cl,http://www.amathusdrinks.com/mumm-cordon-rose-nv.html,26.22,Wine,"7,72,74"
Perrier Jouët Blason de France Rosé,,75cl,http://www.amathusdrinks.com/perrier-jouet-blason-de-france-rose.html,35.01,Wine,"7,72,74"
Ruinart Rosé,,75cl,http://www.amathusdrinks.com/ruinart-rose.html,38.54,Wine,"7,72,74"
Taittinger Comte De Champagne Blanc de Blancs 1998,,75cl,http://www.amathusdrinks.com/taittinger-comte-de-champagne-blanc-de-blancs-1998.html,104.76,Wine,"7,72,74"
Taittinger Comte De Champagne Rosé 2004,,75cl,http://www.amathusdrinks.com/taittinger-comte-de-champagne-rose-2002-2004.html,151.36,Wine,"7,72,74"
Taittinger Brut Prestige Rosé,,75cl,http://www.amathusdrinks.com/taittinger-brut-prestige-rose.html,31.35,Wine,"7,72,74"
Veuve Clicquot Vintage Rosé 2004,,75cl,http://www.amathusdrinks.com/veuve-clicquot-vintage-rose-2000.html,41.51,Wine,"7,72,74"
Champagne Devaux Cuvée Rosé,,75cl,http://www.amathusdrinks.com/champagne-devaux-cuvee-rose.html,25.18,Wine,"7,72,74"
Champagne Pommery POP Pink Rose,,20cl,http://www.amathusdrinks.com/champagne-pommery-pop-pink-rose.html,9.99,Wine,"7,72,74"
P Louis Martin Rosé Bouzy Grand Cru NV ,"Tasting Note: ""Wonderful cranberry and unripe plum flavours blend with the traditional zesty nutty champagne aromas. The fruit is clean and vibrant on the palate, with a dry elegant finish that is refreshing and full of sweet lemon flavours.""",75cl,http://www.amathusdrinks.com/p-louis-martin-rose-brut-nv-bouzy.html,27.09,Wine,"7,72,74,373"
Dom Pérignon Oenotheque 1996,,75cl,http://www.amathusdrinks.com/dom-perignon-1996-oenotheque.html,195.32,Wine,"7,72,75"
Dom Pérignon 2000 150cl (magnum),,150cl,http://www.amathusdrinks.com/dom-perignon-magnums-2000.html,212.55,Wine,"7,72,75"
Dom Ruinart 1998,,75cl,http://www.amathusdrinks.com/dom-ruinart-1998.html,102.31,Wine,"7,72,75"
Pol Roger Cuvée Sir Winston Churchill 1998,,75cl,http://www.amathusdrinks.com/pol-roger-cuvee-sir-winston-churchill-1998.html,87.85,Wine,"7,72,75"
Veuve Clicquot La Grande Dame 1998,,75cl,http://www.amathusdrinks.com/veuve-clicquot-la-grande-dame-1998.html,85.31,Wine,"7,72,75"
Dom Pérignon Brut 2002,,75cl,http://www.amathusdrinks.com/dom-perignon-brut-2000.html,81.65,Wine,"7,72,75"
Dom Pérignon Brut Rosé 2000,,75cl,http://www.amathusdrinks.com/dom-perignon-brut-rose-1998.html,230.2,Wine,"7,72,75"
Laurent Perrier 1999,,75cl,http://www.amathusdrinks.com/laurent-perrier-1999.html,31.78,Wine,"7,72,75"
Louis Roederer Cristal 2004,,75cl,http://www.amathusdrinks.com/louis-roederer-cristal-2002.html,133.31,Wine,"7,72,75"
Louis Roederer Brut Vintage 2003,,75cl,http://www.amathusdrinks.com/louis-roederer-brut-vintage-2003.html,42.03,Wine,"7,72,75"
Louis Roederer Brut Vintage 2003 150cl (magnum),,150cl,http://www.amathusdrinks.com/louis-roederer-brut-vintage-2003-magnum.html,90.18,Wine,"7,72,75"
Louis Roederer Brut Vintage Rosé 2004,,75cl,http://www.amathusdrinks.com/louis-roederer-brut-vintage-rose-2004.html,44.54,Wine,"7,72,75"
Moët & Chandon Grand Brut Vintage 2003,,75cl,http://www.amathusdrinks.com/moet-and-chandon-grand-brut-vintage-2000-2003.html,34.35,Wine,"7,72,75"
Moët & Chandon Brut Vintage 2000 150cl (magnum),,150cl,http://www.amathusdrinks.com/moet-and-chandon-brut-vintage-2000-magnum.html,79.21,Wine,"7,72,75"
Moët & Chandon Vintage Rosé 2003,,75cl,http://www.amathusdrinks.com/moet-vintage-rose-2003.html,42.55,Wine,"7,72,75"
Perrier Jouët Belle Epoque 2002,,75cl,http://www.amathusdrinks.com/perrier-jouet-belle-epoque-2002.html,69.95,Wine,"7,72,75"
Perrier Jouët Belle Epoque 1998 150cl (magnum) ,,150cl,http://www.amathusdrinks.com/perrier-jouet-belle-epoque-magnums-1996-98.html,160.37,Wine,"7,72,75"
Perrier Jouët Belle Epoque Rosé 2002,,75cl,http://www.amathusdrinks.com/perrier-jouet-belle-epoque-rose-2002.html,90.13,Wine,"7,72,75"
Veuve Clicquot Brut Vintage 2002,,75cl,http://www.amathusdrinks.com/veuve-clicquot-brut-vintage-2002.html,36.42,Wine,"7,72,75"
Veuve Clicquot Rich 2002,,75cl,http://www.amathusdrinks.com/veuve-clicquot-rich-1999-2002.html,38.95,Wine,"7,72,75"
Bollinger RD 1996,,75cl,http://www.amathusdrinks.com/bollinger-r-d-1996.html,74.19,Wine,"7,72,75,296"
P Louis Martin Cuvée Vincent Bouzy Grand Cru 2005,"Tasting Note: ""Incredibly intense champagne, showing true winemaking skill and class. Hazel nuts, sweet brioche, and fresh lemon peel on the nose, which continue onto the bold palate. Rich nutty flavours and a creamy lemon flavour work superbly with the tiny energetic bubbles. Very long dry finish with green apple and toast notes typify this classic blanc de blanc cuvée."".",75cl,http://www.amathusdrinks.com/p-louis-martin-cuvee-vincent-2005-bouzy.html,36.14,Wine,"7,72,75,373"
Champagne Pommery POP UK,,20cl,http://www.amathusdrinks.com/champagne-pommery-pop-uk.html,9.15,Wine,"7,73"
Château Cissac Cru Bourgeois Exceptional Haut Medoc 2007,"Tasting Note: ""Great blackcurrant and plum fruit aromas, balanced well by classic cedar and spice as the wine opens up. A great typical claret.""",75cl,http://www.amathusdrinks.com/chateau-cissac-cru-bourgeois-exc-haut-medoc-2007.html,11.24,Wine,"7,9,10"
Terrazas Cabernet Sauvignon Reserva 2006,,75cl,http://www.amathusdrinks.com/terrazas-cabernet-sauvignon-reserve-2006.html,9.15,Wine,"7,9,10"
Sillogi Moraitis Aidani Cabernet 2007,"Tasting Note: ""Redcurrants and spice on the nose with a soft elegant feel on the mouth.""
",75cl,http://www.amathusdrinks.com/sillogi-aidani-cabernet-2007.html,8,Wine,"7,9,10"
Opus One 2003,,75cl,http://www.amathusdrinks.com/opus-one-2003.html,185.59,Wine,"7,9,10"
"Idiom Blend - Cabernet Sauvignon, Merlot, Cabernet Franc 2006","Tasting Note: ""A full bodied blend of Cabernet Sauvignon, Merlot and Cabernet Franc. It is very expressive on the nose with sour blueberry and cherry aromas competing well with blackcurrant leaf and soft smoke.  On the palate there are good firm tannins with lots of restrained red and black fruit with hints of vanilla, spice and dark roasted coffee."" 

",75cl,http://www.amathusdrinks.com/idiom-bordeaux-blend-2006-cab-sauv-merlot-cab-franc.html,17.13,Wine,"7,9,10,105,115,383"
Chateau Vieux Tuquet Bordeaux 2009,"""Plum and blackcurrant on the nose with spice developing in the glass; firm but integrated tannins, well balanced by fresh acidity, and good depth of berry flavour continuing on the finish.""",75cl,http://www.amathusdrinks.com/chateau-vieux-tuquet-bordeaux-2009.html,5.25,wines,"7,9,10,105,668"
Cape Mentelle Cabernet/Merlot 2007,,,http://www.amathusdrinks.com/cape-mentelle-cabernet-merlot-2007.html,10.34,Wine,"7,9,10,115"
Château De Gironville Haut Medoc 2004,,75cl,http://www.amathusdrinks.com/chateau-de-gironville-bordeau-haut-medoc-2004.html,6.93,Wine,"7,9,10,296"
Pedroncelli Dry Creek Valley Cabernet Sauvignon 2008,"""Rich aromas of ripe raspberry and cherry highlight this full flavoured Cabernet Sauvignon. The wine is highlighted by bright acidity, in just the right amount to showcase the fruit. Plum, toasted oak notes and warm clove spice combine to round out the flavors. Framed by firm tannins and a lasting finish.""",75cl,http://www.amathusdrinks.com/pedroncelli-dry-creek-valley-cabernet-sauvignon-2008.html,6.89,Wine,"7,9,10,381"
Carelli 34° Cabernet Sauvignon 2008,"Tasting Note: ""A fantastic cabernet, black vibrant fruit flavours and cinnamon spice on the nose. Great flavour on the palate of blackcurrants and baked plums, balanced well with medium acidity and soft tannins.""
",75cl,http://www.amathusdrinks.com/latitud-34-cabernet-sauvignon-2008.html,4.89,Wine,"7,9,10,437"
Camaleon Cabernet Sauvignon 2009,"“Classic sweet cassis and blackberry aromas, well integrated with some vanilla and mocha flavours. Rich on the palate, and very smooth."" ",75cl,http://www.amathusdrinks.com/camaleon-cabernet-sauvignon-2009.html,4.13,Wine,"7,9,10,449"
Caze Blanque Cabernet Sauvignon Vin de Pays D'Oc 2009,"Tasting Note: ""Rich blackberries and plums on the nose, a soft juicy mouth feel with great blackcurrant and raspberry flavours.""
",75cl,http://www.amathusdrinks.com/caze-blanque-cabernet-sauvignon-2008-vin-de-pays-d-oc.html,4.24,Wine,"7,9,10,489"
Miguel Torres Santa Digna Cabernet Sauvignon 2009,"""Cedar wood and blackcurrants on the nose and continuing onto the palate. Good structure with firm tannins and crisp acidity.""",75cl,http://www.amathusdrinks.com/miguel-torres-santa-digna-cabernet-sauvignon-2009.html,5.63,Wine,"7,9,10,503"
"Idiom Cape Blend - Cabernet Sauvignon, Pinotage, Merlot 2006","Tasting Note: ""A smooth rich wine made from the Cape's own grape Pinotage blended with Cabernet Sauvignon and Merlot. This blend offers abundant aromas of deep red cherry fruit, sweet caramel and fragrant cigar smoke. It has a great depth of dark fruit flavour on the palate that continues on the long finish.""",75cl,http://www.amathusdrinks.com/idiom-cape-blend-2006-cab-sauv-pinotage-merlot.html,15.13,Wine,"7,9,102,115,196,383"
Seven Sisters Pinotage/Shiraz Dawn 2008,"Tasting Note: ""Rich clean nose of black fruit, spice and vanilla. Juicy blackcurrants, blackberries and chocolate on the palate, medium high acidity and rounded tannins, with a long length.""",75cl,http://www.amathusdrinks.com/seven-sisters-pinotage-shiraz-dawn-2007.html,5.13,Wine,"7,9,102,196,409"
Château Garraud Lalande Pomerol 2005,"Tasting Note: ""Plenty of red fruit flavours balanced well by the oak. The firm tannins give the wine a classic backbone, sopporting a complex palate and long finish.""",75cl,http://www.amathusdrinks.com/chateau-garraud-lalande-pomerol-2004.html,13,Wine,"7,9,105"
Jean de Laroche Merlot Vin de Pays D'Oc 2010 ,"Tasting Note:  ""Rich plum and redcurrants on the nose, with soft tannins, medium acidity and lots of juicy strawberry and raspberry flavours on the palate.""",75cl,http://www.amathusdrinks.com/jean-de-laroche-merlot-vin-de-pays-d-oc-2010.html,4.24,Wine,"7,9,105"
Château Croix de Thomas St. Georges St.Emilion 2005,"Tasting Note: ""Classic St Emilion, plum and fruitcake nose, with great spice and red fruit flavours on the palate. An elegant wine, with a delicious long finish.""",75cl,http://www.amathusdrinks.com/chateau-croix-de-thomas-st-georges-st-emilion-2004-05.html,8.24,Wine,"7,9,105"
Châteauneuf du Pape Dom Barville Brotte 2007,,75cl,http://www.amathusdrinks.com/chateauneuf-du-pape-l-brotte-2005.html,18.24,Wine,"7,9,108"
Les Armoiries Rouge Côtes Du Rhône 2008,"Tasting Note: ""Plum and cranberries on the nose with soft spices developing. Great intensity of flavour in the mouth, with the soft tannins and medium acidity balancing the red fruit and subtle spice well. Would work well on its own, but also with cured ham or slow roasted lamb.""",75cl,http://www.amathusdrinks.com/les-armoiries-rouge-cotes-du-rhone-2007.html,4.84,Wine,"7,9,108,115,441"
Côtes du Rhône Villages Passion d'Anselme 2005 / 2007,,75cl,http://www.amathusdrinks.com/cotes-du-rhone-villages-passion-d-anselme-2005-2007.html,4.49,Wine,"7,9,108,296"
Palacio de Sada Crianza Garnacha 2005,"Tasting Note: ""Burnt strawberry and rich vanilla aromas entice. Great acidity and rich tannins are balanced well with redcurrant, plum, and white pepper spices. A generous depth of flavor and long length makes this a great traditional Spanish wine with a wonderful modern twist.""
",75cl,http://www.amathusdrinks.com/palacio-de-sada-crianza-garnacha-2005.html,5.24,Wine,"7,9,108,481"
La Cetto Petit Syrah 2006,,75cl,http://www.amathusdrinks.com/la-cetto-petit-syrah-2006.html,6.29,Wine,"7,9,110"
"Idiom SMV Blend - Shiraz, Mourvedre, Viognier 2005","Tasting note: ""Deep red garnet with almost inky edges. Spicy with butterscotch and violets on the nose. Rich deep notes of blackberries, dark chocolate and black pepper on the palate. A full mouth feel with fine tannins that dissolves into a velvety, sweet and long finish. A big, bold yet balanced wine for big occasions.""",75cl,http://www.amathusdrinks.com/idiom-rhone-blend-2005-shiraz-mourvedre-viognier.html,15.13,Wine,"7,9,110,115,383"
Crozes Hermitage La Rollande L.C.Brotte 2007,,75cl,http://www.amathusdrinks.com/crozes-hermitage-la-rollande-l-c-brotte-2007.html,7.43,Wine,"7,9,110,296"
The Auction Crossing Syrah Viognier 2008,"Tasting notes:  ""A complex wine with a rich perfumed nose of violets, black pepper, cured meat and sweet dark plums.  Full and well intergrated mid palate with soft and round tannins on the finish.""",75cl,http://www.amathusdrinks.com/the-auction-crossing-syrah-viognier-2008.html,8.75,Wine,"7,9,110,413"
Acrobat Shiraz 2008,"""Deep ruby colour with sweet spicy plums and blackberries on the nose, a rich blackcurrant and cardamon juicy palate leads to a long satisfying finish."" ",75cl,http://www.amathusdrinks.com/acrobat-shiraz-2008.html,4.59,Wine,"7,9,110,455"
Georges Duboeuf La Madone Fleurie 2007,"Tasting Note: ""Classic bright red strawberry fruit, light body and high acidity.""",75cl,http://www.amathusdrinks.com/fleurie-la-madone-georges-duboeuf-2007.html,6.13,Wine,"7,9,114,296"
Vin De Table Français Rouge ,,75cl,http://www.amathusdrinks.com/vin-de-table-francais-soft-red.html,3.74,Wine,"7,9,115"
Cloudy Bay Pinot Noir 2008,"<b>Tasting Notes:</b> ""Opulent aromas of dark plums and cardamom spice are enhanced by the earthy scent of liquorice and hints of smoky oak. The palate is highly concentrated with black cherry and red berry flavours supported by silky tannins through to a long and generous finish. The 2005 Cloudy Bay Pinot Noir reflects an idyllic Marlborough vintage and will continue to gain additional complexity over 4 – 5 years if cellared in ideal conditions.""",75cl,http://www.amathusdrinks.com/cloudy-bay-pinot-noir-2008.html,16.97,Wine,"7,9,119"
Gevrey Chambertin Domaine Rossignol Trapet 2002 ,,75cl,http://www.amathusdrinks.com/gevrey-chambertin-domaine-rossignol-trapet-2002-bin-end.html,15.14,Wine,"7,9,119,296"
Domaine Georges Michel Golden Mile Pinot Noir 2009,"Tasting Note: ""Spicy nose with cardamom, cinnamon and sour red fruits continuing from the nose to palate, very well balanced acidity to intensity. Neat tannins.""",75cl,http://www.amathusdrinks.com/domaine-georges-michel-golden-mile-pinot-noir-2009.html,8.49,Wine,"7,9,119,387"
Domaine Georges Michel La Reserve Pinot Noir 2005,"Tasting Note: ""Deep aromas of mushrooms, undergrowth and rich spices blending well with stewed plums and sharp redcurrants. Fantastic complexity of aromas continuing onto the palate where sour cherries and savoury flavours dominate. Great acid and firm tannins.""",75cl,http://www.amathusdrinks.com/domaine-georges-michel-la-reserve-pinot-noir-2005.html,11.24,Wine,"7,9,119,387"
Domaine Moillard Nuits-St-Georges 1er Cru Clos des Grandes Vignes 2002,"<b>Tasting Note:</b> ""Great classic red Burgundy. Elegant plum and birch aromas, earth, redcurrants and truffle perfumes develop in the glass. Complex red fruit, pine, and spices blend well with the elegant acid and fine tannins. A great vintage which has allowed the wine to bottle age well. Drinking now. This is what top class Nuits St George should taste like.""
",75cl,http://www.amathusdrinks.com/domaine-moillard-nuits-st-georges-1er-cru-clos-des-grande-vignes-2002.html,28.74,Wine,"7,9,119,389"
Domaine Moillard Hautes Côtes de Nuits Rouge 2007,"<b>Tasting Notes:</b> ""Sour plums and redcurrants on the rich nose, followed by cranberries, white pepper and spice on the palate. Typical high acidity balances the wine well and the finish is refreshing and dangerously more-ish!""
",75cl,http://www.amathusdrinks.com/domaine-moillard-bourgogne-hautes-cotes-de-nuits-rouge-2007.html,9.24,Wine,"7,9,119,389"
Domaine Moillard Beaune Premier 1er Cru Pertuisots 2006,"Tasting Notes: ""Rich raspberries and stewed plums work well with cigar flavours and some forest wood aromas. Generous mouth feel, and great flavour which continues in a long finish. Complex flavours here work well""",75cl,http://www.amathusdrinks.com/domaine-moillard-beaune-premier-1er-cru-pertuisots-2006.html,16,Wine,"7,9,119,389"
Domaine Moillard Gevrey-Chambertin Rouge 2003,"<b>Tasting Note:</b> ""Typical truffle, cranberry and plum aromas, good depth of flavour with fine tannins and high acidity. Classic Burgundy, delicious and elegant.""
",75cl,http://www.amathusdrinks.com/domaine-moillard-gevrey-chambertin-beau-versant-rouge-2003.html,21.24,Wine,"7,9,119,389"
Evergreen Oregon Pinot Noir 2007,“This well balanced Pinot Noir offers a complex and silky mix of berries and a subtle finish of tannins on the palate.”,75cl,http://www.amathusdrinks.com/evergreen-oregon-pinot-noir-2007.html,9.49,Wine,"7,9,119,429"
Evergreen Oregon Pinot Noir Reserve 2006,"“Rich blackberries, nutmeg, pepper and a hints of vanilla develop on the reserve wine. Lovely smooth texture, and intense fruit and truffle flavours last well on the long finish.”",75cl,http://www.amathusdrinks.com/evergreen-oregon-pinot-noir-reserve-2006.html,14.69,Wine,"7,9,119,429"
Aldo Clerico Barolo 2004,"Tasting note: ""Classic and complex. Barolo at its best. A rich bramble, leather, rose and cherry nose that deepens on the palate, developing truffle, floral and blackcurrant flavours, all balanced well by the high acidity and classic firm tannins.""",75cl,http://www.amathusdrinks.com/aldo-clerico-barolo-2004.html,16.9,Wine,"7,9,133,425"
Idiom Sangiovese 2006,"Tasting Note: ""An elegant wine with a tantalising nose and soft and juicy mouth feel. Rich and spicy aromas of cinnamon and tobacco. Assertive and robust flavours of blackcurrant and prune with a concentrated finish.""",75cl,http://www.amathusdrinks.com/idiom-sangiovese-2006.html,14.13,Wine,"7,9,138,383"
Sangiovese Toscana Le Chiantigiane 2008,"Tasting Note: ""Sour cherry and bacon on the nose, with a great deep complex flavour of cherry, smoked ham, and plums. A juicy length and rounded tannins.""
",75cl,http://www.amathusdrinks.com/sangiovese-toscana-le-chiantigiane-2008.html,4.39,Wine,"7,9,138,515"
Chianti Classico DOCG Fattoria Tregole 2008,"Classic cherry and spice perfume, firm tannins, and crisp acidity typical of sangiovese; well balanced by the concentrated sour cherry and complex truffle and spice aromas.",75cl,http://www.amathusdrinks.com/chianti-classico-docg-fattoria-tregole-2008.html,7.99,wines,"7,9,138,675"
Chianti Classico Riserva Fattoria Tregole 2007,"Intense truffle, spice, cherry and redcurrant aromas; full body with grippy, well integrated tannins; and crisp acidity work well with the complex flavour profile which continues on the long finish.",75cl,http://www.amathusdrinks.com/chianti-classico-riserva-fattoria-tregole-2007.html,16.99,wines,"7,9,138,675"
Pedroncelli Bushnell Single Vineyard Zinfandel 2007,"""Very fragrant nose of ripe raspberres and sweet black pepper followed by spicy, black fruit compote intensity on the palate. Structured, rounded and full in the mouth, this wine has a long, lingering finish laced with slight toasted oak undertones.""",75cl,http://www.amathusdrinks.com/pedroncelli-dry-creek-valley-zinfandel-2007.html,7.49,Wine,"7,9,197,381"
Pedroncelli Friends Red Sonoma County 2008,"""Opulent sweet black cassis and plum on the nose, with great vanilla and mocha aromas developing. Intense rich palate, with soft tannins and great balance."" ",75cl,http://www.amathusdrinks.com/friends-red-sonoma-county-red-wine-2008.html,5.89,Wine,"7,9,197,381"
Idiom Zinfandel 2006,"Tasting Note: ""A succulent and aromatic wine with waves of blueberry, rosemary, bay leaf and spice. Medium bodied with a mouth filling and long lingering aftertaste. Abundant flavours with exciting potential for food matching.""",75cl,http://www.amathusdrinks.com/idiom-zinfandel-2006.html,14.13,Wine,"7,9,197,383"
Pesquera Tinto Crianza 2004,"Tasting Note: ""Perfumed red berry generous wine, rich spice and vanilla developing on the palate”",75cl,http://www.amathusdrinks.com/pesquera-tinto-crianza-2004.html,13.72,Wine,"7,9,206"
Castrijo Rioja Crianza 2005,"Tasting Note: ""The Crianza has a great fruit driven nose, with fresh plums and raspberries dominating however on the palate the typical cigar, cranberry and vanilla flavours take over, balancing well with the rounded tannins and high acidity. A modern take on a Rioja but still retaining the classic structure and flavours.""",75cl,http://www.amathusdrinks.com/castrijo-rioja-crianza-2005.html,5.7,Wine,"7,9,206,485"
Castrijo Rioja Reserva 2004,"Tasting Note: ""The reserve is an elegant and complex wine. There are aromas of redcurrants, plums, bitter vanilla and black truffles which continue on the palate and are supported well by large soft tannins and crisp acidity. There is a long appetisingly sour cranberry and tobacco finish.""",75cl,http://www.amathusdrinks.com/castrijo-rioja-reserva-2002.html,7.45,Wine,"7,9,206,485"
Al Sur Tempranillo Cabernet Sauvignon 2009,"Tasting Note:  ""Rich blackberry and strawberry aromas blended with some vanilla give a great ripe feel on the nose. These juicy berry flavours continue on the palate and balance well with soft tannins and medium acidity. A good fruit driven finish.""",75cl,http://www.amathusdrinks.com/alsur-tempranillo-cabernet-sauvignon-2009.html,4.33,Wine,"7,9,206,521"
Terrazas Malbec Reserva 2006,,75cl,http://www.amathusdrinks.com/terrazas-malbec-reserve-2006.html,9.15,Wine,"7,9,22"
Carla Chiaro Malbec Réserve 2007,,75cl,http://www.amathusdrinks.com/carla-chiaro-malbec-reserve-2007.html,5.89,Wine,"7,9,22,296"
Latitud 34 Malbec 2010,"Tasting Note: ""The flagship wine for Carelli, this Malbec does not disappoint. Great plum and cranberry perfume with some good spice and leafy secondary characters. Soft but plentiful tannins work well with the acidity and depth of fruit flavour on the palate, making the wine very drinkable, with or without food!""
",75cl,http://www.amathusdrinks.com/latitud-34-malbec-2010.html,4.89,Wine,"7,9,22,437"
Archeo Primitivo Salento IGT 2008,"Tasting Note: “Intense dark ruby colour, black cherry flavours mixed with cinnamon and black pepper spice. Chunky generous tannin balance the intense rich plum and mocha flavours well.”",,http://www.amathusdrinks.com/archeo-primitivo-salento-igt-2008.html,5.09,Wine,"7,9,279,463"
Miguel Torres Santa Digna Carmenère 2009," ""Cherry red colour and a spicy redcurrant and plum aroma. Great soft tannins and plenty of red fruit flavours and great spicy finish.""",75cl,http://www.amathusdrinks.com/miguel-torres-santa-digna-carmenere-2009.html,6.04,Wine,"7,9,303"
Idiom 900 Series: South African Red,,75cl,http://www.amathusdrinks.com/idiom-900-series-red.html,24.99,,"7,9,383"
Mas de Bazán Bobal Crianza 2006,"""A deep crimson colour. Full bodied red wine with great berry aromas, liquorice, spice and cassis developing. The intense black fruit and spice on the palate is well balanced by sweet vanilla and well structured tannins. Very long spicy finish.”",75cl,http://www.amathusdrinks.com/mas-de-bazan-bobal-crianza-2006.html,7.74,Wine,"7,9,391"
Domaine La Barbotaine Sancerre Rouge 2009,,,http://www.amathusdrinks.com/domaine-la-barbotaine-sancerre-rouge-2009.html,9.53,Wine,"7,9,421"
"Les Armoiries Rouge, Côtes Du Rhône 2008 ",,37.5cl,http://www.amathusdrinks.com/les-armoiries-rouge-cotes-du-rhone-2008.html,3.06,Wine,"7,9,441"
Govone Barbera D'Asti DOCG 2008,"Tasting Note:  “Red cherry nose, high acidity and white pepper spice all help together with soft dusty tannins and very balanced moderate alcohol.  A classic expression of the pure fruity barbera grape.”
",,http://www.amathusdrinks.com/ter-sab-barbera-d-asti-docg-2008.html,4.83,Wine,"7,9,471"
Febe Montepulciano d'Abruzzo DOC,"“Black cherry and plum aromas, with fresh acidity, chunky tempting tannins, and great depth of flavour on the palate; vanilla and maraschino cherry on the finish”",75cl,http://www.amathusdrinks.com/febe-montepulciano-d-abruzzo-doc.html,4.95,Wines,"7,9,662"
Krug Vintage Brut 1998,,75cl,http://www.amathusdrinks.com/krug-vintage-brut-1998.html,147.47,,"72,75"
